title,rating,reviews,description,price,link
AMP™ Jump Rope Set,4.86,152 reviews,Burn more calories in less time with our Bluetooth-connected jump rope set.,$199,/products/amp-jump-rope-set
AMP™ Handles,4.95,201 reviews,"Easily connect your Get Lean & Get Strong Crossropes to AMP Handles for a seamless, connected workout.",$99,/products/amp-jump-rope-handles
Ropeless AMP™ Set,5.00,35 reviews,"All the benefits of AMP, without the rope. Data-driven to help burn more calories in tight or quiet spaces.",$199,/products/ropeless-amp-jump-rope-set
Ropeless AMP™ Set,5.00,35 reviews,"All the benefits of AMP, without the rope. Data-driven to help burn more calories in tight or quiet spaces.",$199,/products/ropeless-amp-jump-rope-set
Ropeless Get Lean Set,4.71,34 reviews,A lighter ropeless option designed to burn fat and improve cardio endurance in tight or quiet spaces.,$129,/products/ropeless-get-lean
Ropeless Get Strong Set,4.93,29 reviews,"Heavier ropeless attachments to help burn more calories, build muscle, and improve cardio endurance.",$169,/products/ropeless-get-strong
Ropeless Pack,4.80,15 reviews,Bring your workouts to a new level with the complete weighted attachment bundle. Includes all four weight options. Handles not included.,$175,/products/ropeless-pack
1/4 LB Ropeless,5.00,15 reviews,"Improve jump speed, cardio, and endurance with the lightest ropeless attachment. Good for all fitness levels. Handles not included.",$29.95,/products/1-4-lb-ropeless
1/2 LB Ropeless,5.00,28 reviews,Effective full-body workout without the rope. Work out at home or on the go. Good for all fitness levels. Handles not included.,$39.95,/products/1-2-lb-ropeless
1 LB Ropeless,4.94,32 reviews,"New and advanced jumpers can build strength, improve cardio, and burn more calories. Handles not included.",$49.95,/products/1-lb-ropeless
2 LB Ropeless,4.94,33 reviews,Build strength and power with the heaviest of ropeless attachments. Intended for advanced jumpers. Handles not included.,$59.95,/products/2-lb-ropeless
Get Lean,4.90,6238 reviews,Burn fat and improve cardio endurance with our lighter-weighted jump rope set. Multiple colors available.,$129,/products/get-lean-jump-rope-set-2023
Get Strong,4.89,2147 reviews,Build strength and power with the next level of weighted ropes.  Recommended for experienced jumpers.,$169,/products/get-strong-jump-rope-set-2023
Get Fit Bundle,4.91,2818 reviews,"Our all-around fitness solution. Burn more calories, build muscle, & improve cardio performance.",$298,/products/get-fit-jump-rope-bundle-2023
Slim Handles,5.00,11 reviews,Re-engineered design and grip for a better workout with your light ropes. Multiple colors available.,$79.95,/products/slim-jump-rope-handles-2023
1/4 LB Jump Rope,4.89,1192 reviews,"Ideal for beginners, speed, high-intensity and double-under training. Multiple colors available.",$29.95,/products/1-4-lb-jump-rope
1/2 LB Jump Rope,4.90,1060 reviews,"Ideal for beginners, speed, high-intensity and double-under training. Multiple colors available.",$39.95,/products/1-2-lb-jump-rope
Power Handles,4.91,95 reviews,Re-engineered design and grip for a better workout with your heavy ropes.,$79.95,/products/power-jump-rope-handles-2023
1 LB Heavy Rope,4.90,857 reviews,Ideal for high-intensity and upper body strength training for all levels.,$49.95,/products/1-lb-heavy-rope
2 LB Heavy Rope,4.88,413 reviews,For the ultimate full-body jump rope workout for all fitness levels.,$59.95,/products/2-lb-heavy-rope
Jump Rope Mat (Splash),4.87,1119 reviews,Durable jumping surface designed to protect your joints and ropes.,$129,/products/crossrope-jump-rope-le-mat
Jump Rope Mat (Flow),4.87,1119 reviews,Durable jumping surface designed to protect your joints and ropes. EU/UK stock only.,$129,/products/crossrope-jump-rope-le-mat-flow
Heavy Duty Crossrope Mat,5.00,2 reviews,"Enhance your gym space while protecting your joints and ropes with our heavy duty, interlocking rubber floor tiles.",$159,/products/heavy-duty-gym-floor-tiles
Jump Rope Mat (Black),4.81,1351 reviews,Portable jumping surface to protect your rope and joints.,$79,/products/crossrope-jump-rope-mat
AMP Wall Mount,5.00,5 reviews,Designed to hang and store AMP ropes and handles in a personal home gym.,$15.95,/products/amp-wall-mount
Get Lean + Get Strong Wall Mounts,5.00,2 reviews,Hang and store your Get Lean and Get Strong ropes and handles in a personal home gym.,$29.95,/products/classic-wall-mount-combo
Get Lean Wall Mount,4.93,15 reviews,Designed to hang and store Get Lean ropes and handles in a personal home gym.,$15.95,/products/get-lean-wall-mount
Get Strong Wall Mount,5.00,2 reviews,Designed to hang and store Get Strong ropes and handles in a personal home gym.,$15.95,/products/get-strong-wall-mount
Phone Tripod for Workouts,5.00,12 reviews,Elevate your app workout experience by keeping your phone at eye level.,$29.95,/products/phone-tripod
Jump Rope Workout Bag,4.88,284 reviews,Carry your weighted ropes with custom built-in storage features.,$49.95,/products/crossrope-jump-rope-workout-bag
Crossrope Gym Bag,0.00,No reviews,Stay organized on the move with the versatile Crossrope Gym Bag.,$99,/products/crossrope-gym-bag
Jump Rope Gloves,0.00,No reviews,"Designed for comfort, performance, and style.",$29.95,/products/jump-rope-gloves
Ultimate Pack,0.00,No reviews,"From speed to strength, everything you need to build your AMP home jump rope gym. Membership separate.• AMP™ Jump Rope Set• Jump Rope Mat (Splash)• Crossrope Gym Bag• 2 LB Heavy Rope• Phone Tripod• Freestyle Rope• Bolt Set • AMP Wall Mount",$399,/products/ultimate-pack
Enhanced Pack,4.00,1 review,Take your AMP experience to the next level. Great for workouts at home or on the go. Membership separate.• AMP™ Jump Rope Set• Jump Rope Mat• 2 LB Heavy Rope• Phone Tripod • Workout Bag.,$299,/products/enhanced-pack
Basic Pack,4.90,6238 reviews,Get started jumping or integrate into your current routine.• Get Lean Set + Wall Mount• Jump Rope Mat• 3/4 LB Rope.,$199,/products/basic-pack
AMP™ Double Under Training Set,4.25,4 reviews,Push your training to the max with our Bluetooth-connected double under jump rope set.,$199,/products/amp-double-under-training-set
Heavy Performance Set,4.91,271 reviews,Step up your heavy weight game! Designed to incrementally challenge the intensity of your workout.,$169,/products/heavy-performance-set-2023
Heavy Performance Handles,4.97,117 reviews,Re-engineered design and grip for comfortable use with Heavy Performance ropes.,$79.95,/products/heavy-performance-handles-2023
Heavy Ropes Bundle,4.91,271 reviews,Step up your heavy weight game! Designed to help you develop new levels of strength and power.,$109,/products/heavy-ropes-bundle
3/4 LB Heavy Rope,4.97,147 reviews,Ideal for high level cardio + beginners starting with heavy ropes.,$39.95,/products/3-4-lb-heavy-jump-rope
1 1/2 LB Heavy Rope,4.86,104 reviews,Ideal for high-intensity and dynamic strength workouts.,$49.95,/products/1-1-2-lb-heavy-jump-rope
3 LB Heavy Rope,4.87,125 reviews,Ideal for next level strength and power workouts.,$54.95,/products/3-lb-heavy-jump-rope
Ultra Heavy Performance Set,4.95,131 reviews,Put your strength to the test with our heaviest ropes to date. Not for beginners.,$249,/products/ultra-heavy-performance-set-2023
Ultra Heavy Performance Handles,4.89,88 reviews,Re-engineered design and grip for comfortable use with Ultra Heavy Performance ropes.,$79,/products/ultra-heavy-performance-handles-2023
4 LB Heavy Rope,4.88,43 reviews,Take your strength workouts to the next level.,$79.95,/products/4-lb-heavy-rope
5 LB Heavy Rope,4.97,70 reviews,"The heaviest rope in our lineup, built for the ultimate challenge.",$89,/products/5-lb-heavy-rope
Speed Performance Set,4.90,300 reviews,"For jumpers looking to elevate their speed, performance, and double unders.",$169,/products/speed-performance-set-2023
Speed Performance Handles,4.92,104 reviews,High-performance handles for use with lighter weighted ropes,$79.95,/products/speed-performance-handles-2023
Speed Ropes Bundle,4.90,300 reviews,"For jumpers looking to elevate their speed, performance, and double unders.",$69,/products/speed-ropes-bundle
3 oz Speed Rope,4.90,200 reviews,"Designed to enhance your cardio, speed, and performance.",$29.95,/products/3-oz-speed-rope
6 oz Speed Rope,4.85,112 reviews,Add versatility to your speed and cardio workouts.,$34.95,/products/6-oz-speed-rope
9 oz Speed Rope,4.96,74 reviews,Perfect your double under and all-around skills training.,$39.95,/products/9-oz-speed-rope
WODprep Jump Rope Set,4.70,10 reviews,"Finally learn double unders using this specially designed jump rope set! For a limited time, save $50 and get FREE access to the Double Under Pro Course ($197 value).",$79,/products/wodprep-jump-rope-set
Kathy Jumps Strength Builder Set,5.00,5 reviews,"A Crossrope x Kathy Jumps exclusive. Jump start your fitness journey with custom Power Handles, a 1/2 LB rope, and a 1 LB rope.",$149,/products/kathy-jumps-strength-builder-jump-rope-set
Kathy Jumps AMP™ Set,0.00,No reviews,A Crossrope x Kathy Jumps collaboration. Burn more calories in less time with our Bluetooth-connected jump rope set.,$199,/products/kathy-jumps-amp-set
Kathy Jumps Beaded Jump Rope,5.00,4 reviews,"This all-purpose rope can be used for basic jumping, tricks, and anything in between.",$19.95,/products/kathy-jumps-beaded-jump-rope
Kathy Jumps 1/2 LB Pink Jump Rope,0.00,No reviews,A Crossrope x Kathy Jumps exclusive. Jump start your fitness journey with this custom 1/2 LB rope.,$44.95,/products/1-2-lb-pink-jump-rope
Kathy Jumps 1 LB Blue Jump Rope,4.90,857 reviews,Ideal for high-intensity and upper-body strength training.,$50.95,/products/1-lb-blue-jump-rope
Vinny Jumps Beaded Jump Rope,4.50,4 reviews,"This all-purpose rope can be used for basic jumping, tricks, and anything in between.",$19.95,/products/vinny-jumps-beaded-jump-rope
Vinny Jumps Freestyle Rope,5.00,4 reviews,Designed to challenge and enhance your skills. Built for jumpers looking to level up and learn new tricks.,$19.95,/products/vinny-jumps-freestyle-rope
Bolt Set,4.88,309 reviews,Built for maximum speed and double under performance.,$69.95,/products/bolt-jump-rope-set
1 oz Sprint Rope (Bolt),4.79,19 reviews,The 1 oz Sprint Rope for use with the Bolt Set.,$8.95,/products/1-oz-sprint-rope
2 oz Speed Rope (Bolt),4.83,24 reviews,The 2 oz Speed Rope for use with the Bolt Set.,$9.95,/products/2-oz-speed-rope
Eugenie Jumps Freestyle Rope,0.00,No reviews,A Crossrope x Eugenie Jumps exclusive.,$19.95,/products/eugenie-jumps-freestyle-rope
Kathy Jumps Beaded Jump Rope,5.00,4 reviews,"This all-purpose rope can be used for basic jumping, tricks, and anything in between.",$19.95,/products/kathy-jumps-beaded-jump-rope
Freestyle Rope,4.86,441 reviews,Challenge yourself and enhance your skills with our new Freestyle Rope.,$19.95,/products/freestyle-le-rope
Replacement Freestyle Rope,4.85,55 reviews,Ideal for experienced jumpers looking to enhance their skills and learn new tricks.,$7.95,/products/replacement-freestyle-le-rope
Men's We Jump Tank,5.00,8 reviews,"Sweat wicking, anti-odor material for a comfortable workout.",$19.95,/products/mens-we-jump-tank
Women's We Jump Sports Bra,5.00,12 reviews,Offers you the support you need when jumping.,$19.95,/products/womens-we-jump-sports-bra
Men's We Jump Tee,5.00,4 reviews,Built for movement and crafted with a short sleeve design for unrestricted rotation.,$19.95,/products/mens-we-jump-tee
Men’s Compression Split Shorts,4.50,4 reviews,Designed for optimum performance and range of motion.,$34.95,/products/mens-we-jump-shorts
Women's We Jump Tee,4.80,10 reviews,"Lightweight, slim fitting tee made with bamboo cotton tee.",$19.95,/products/womens-we-jump-tee
Women's We Jump Sleeveless Hoodie,5.00,4 reviews,Relaxed and comfortable fit. Made from a soft bamboo cotton.,$40.95,/products/womens-we-jump-sleeveless-hoodie
Women's We Jump Tights,5.00,4 reviews,Lightweight and agile design offers unrestricted movement while jumping.,$30.95,/products/womens-we-jump-tights
Alala x Crossrope Vamp Short,0.00,No reviews,"Comfortable and unrestricted, these bike shorts are ready for your favorite jump rope workout.",$59.95,/products/vamp-short
